sentimento,termo,frequencia
positivo,bom,22
positivo,usar,18
positivo,gostar,11
positivo,uso,11
positivo,achar,10
positivo,ide,10
positivo,aprender,9
positivo,programação,9
positivo,top,9
positivo,windsurf,9
positivo,dica,7
positivo,curso,7
positivo,dia,7
positivo,cursor,7
positivo,ajudar,6
neutro,usar,31
neutro,uso,25
neutro,vscoder,19
neutro,ide,16
neutro,achar,14
neutro,falar,12
neutro,vscode,12
neutro,vir,11
neutro,cursor,11
neutro,studio,10
neutro,ficar,9
neutro,copilot,9
neutro,eua,9
neutro,utilizar,8
neutro,gostar,8
negativo,vscode,11
negativo,vscoder,10
negativo,ide,7
negativo,trabalho,6
negativo,usar,5
negativo,pycharm,5
negativo,notebook,4
negativo,pagar,4
negativo,configurar,4
negativo,achar,4
negativo,bom,4
negativo,difícil,3
negativo,plano,3
negativo,extensão,3
negativo,falar,3
