video_id,comentario_id,comentario_pai_id,tipo,texto,curtidas,publicado_em,atualizado_em
40QyA5f3Qo0,UgwH6fQebPXEYQdubKh4AaABAg,,principal,Obrigado,0,2026-01-11T19:03:29Z,2026-01-11T19:03:29Z
40QyA5f3Qo0,UgxfvXRhzesvwjofg8x4AaABAg,,principal,Waleu mestres estou iniciando e o canal de voces tem ajudado muito na caminhada.,0,2025-03-14T12:16:01Z,2025-03-14T12:16:01Z
40QyA5f3Qo0,Ugxun9qd52VH-MR8_aZ4AaABAg,,principal,A maioria dessas ide e editor de códigos é possível utilizar no smartphone realmente? Infelizmente meu notebook está chegando ao fim de sua vida e programar nele está sendo bem difícil,0,2025-03-05T05:11:22Z,2025-03-05T05:11:22Z
40QyA5f3Qo0,UgyazPfOdAHbLOFNxNx4AaABAg,,principal,Jsfiddle foi o mais legal,1,2024-10-19T12:19:00Z,2024-10-19T12:19:00Z
40QyA5f3Qo0,UgyazPfOdAHbLOFNxNx4AaABAg.A9m31vpWQVzARo-TipfLl1,UgyazPfOdAHbLOFNxNx4AaABAg,resposta,Ele tem função de contêiner? Eu uso o CodePen e a maior desvantagem dele é não conseguir fazer um Script ou Style unificado para todos os arquivos HTML.,0,2026-01-10T15:51:25Z,2026-01-10T15:51:25Z
40QyA5f3Qo0,UgzX3ZrLh43qG0dmf414AaABAg,,principal,É possível usar no tablet??,0,2024-10-11T22:34:08Z,2024-10-11T22:34:08Z
40QyA5f3Qo0,UgyC3dlhfsYIIOWXE394AaABAg,,principal,Olá... gosto muito de seu conteúdo... desculpa a ignorância...vcs tem algum vídeo que tenha como tema: programar pelo celular ou coisa parecida? Muito obrigado ☺️ sou fã de vcs.,1,2024-05-09T16:38:09Z,2024-05-10T11:48:58Z
40QyA5f3Qo0,Ugyk6R5Aul-LCj8eyo94AaABAg,,principal,"Uma pergunta simples mas na dúvida. Quero adicionar imagens locais no projeto HTML, como faço pra acessar as pastas, os programas no chrome conseguem acessar ou só aceita imagens online?",1,2024-04-10T00:03:25Z,2024-04-10T00:03:25Z
40QyA5f3Qo0,Ugwi-67C1XtB-BEqd-d4AaABAg,,principal,O sorriso dela é fofo 😊,0,2024-03-19T19:20:02Z,2024-03-19T19:20:02Z
40QyA5f3Qo0,UgxfbcvuGkxz5sBd3Kl4AaABAg,,principal,É possível utilizar bibliotecas python em algum deles?,0,2024-03-07T18:15:49Z,2024-03-07T18:15:49Z
40QyA5f3Qo0,UgwdQYkAFeC4pC3h-p94AaABAg,,principal,Excelente vídeo!,0,2023-12-08T12:49:28Z,2023-12-08T12:49:28Z
40QyA5f3Qo0,UgwllgtVCDbyAEVmxMR4AaABAg,,principal,"Faltou o ""Icecoder"" que é Opensource",0,2023-11-26T14:45:38Z,2023-11-26T14:45:38Z
40QyA5f3Qo0,UgylIhrtdSZEMfZue2Z4AaABAg,,principal,A NetScape já havia previsto o futuro da navegação na rede....,0,2023-10-04T17:21:42Z,2023-10-04T17:21:42Z
40QyA5f3Qo0,UgzYG6jfVB3rFNhxiM94AaABAg,,principal,"Vídeo sensacional. Bom trabalho, amei as informações.",1,2023-09-29T17:00:36Z,2023-09-29T17:00:36Z
40QyA5f3Qo0,UgyTaYs-6JR8nyT3qk54AaABAg,,principal,"Parabéns pelo canal!
Estou ingressando nessa área de programação. Finalizei um curso HTML básico. Gostaria de saber se vocês indicam algum app que eu possa treinar na rua pelo telefone.",0,2023-06-21T13:57:34Z,2023-06-21T13:57:34Z
40QyA5f3Qo0,UgxLAhQENY8LZgHeBIl4AaABAg,,principal,A quem interessar a Code Any Where infelismente não está mais funcionando,0,2023-06-14T14:08:10Z,2023-06-14T14:08:10Z
40QyA5f3Qo0,UgyIRRYGmAi23fvB-l94AaABAg,,principal,"Po vlw, alguns desses tem ate pra smartphone, voces   são foda",0,2023-06-13T14:51:51Z,2023-06-13T14:51:51Z
40QyA5f3Qo0,Ugx-xNAcwG6eS5-B8Np4AaABAg,,principal,Incrível,0,2023-05-06T19:52:49Z,2023-05-06T19:52:49Z
40QyA5f3Qo0,Ugy-de2rlnB5KSTIW-t4AaABAg,,principal,"Aaa me salvaram, meu computar de 32 bits não dava pra nada, não sabia que existia uma vesão web do Vscode 🤡",1,2023-03-16T21:29:08Z,2023-03-16T21:29:08Z
40QyA5f3Qo0,Ugz9UXvZrEALGmfog1l4AaABAg,,principal,onde compro a camisa kkkk,0,2023-02-02T15:19:22Z,2023-02-02T15:19:22Z
40QyA5f3Qo0,UgxsGYj3QkqHrlDpC2J4AaABAg,,principal,certo mas e na pratica? vocês utilizam web ou ainda só ficam mesmo no desktop?,1,2023-01-25T12:41:12Z,2023-01-25T12:41:12Z
40QyA5f3Qo0,UgzMfIAlENvmuNpun9l4AaABAg,,principal,"Algum recomendado para celular? 
Tentei eles mas pelo celular nenhum ficou ""adaptado"" de forma fácil",1,2023-01-19T13:36:15Z,2023-01-19T13:36:15Z
40QyA5f3Qo0,UgxpPRFMzcncLVZCdOx4AaABAg,,principal,boa,0,2023-01-01T20:04:27Z,2023-01-01T20:04:27Z
40QyA5f3Qo0,Ugx1CrAOH0hegBla1tR4AaABAg,,principal,"e o replit, é muito bom o meu preferido",2,2022-12-29T16:30:41Z,2022-12-29T16:30:41Z
40QyA5f3Qo0,Ugx1CrAOH0hegBla1tR4AaABAg.9kE3BwaKMOUARo-DN7sO8U,Ugx1CrAOH0hegBla1tR4AaABAg,resposta,Começou bom e se tornou uma porcaria. O plano gratuito não tem serventia e o plano pago é caro pra сагаΙно.,0,2026-01-10T15:49:11Z,2026-01-10T15:49:11Z
40QyA5f3Qo0,UgzXQQz2vfe26QY1fU94AaABAg,,principal,"Esse Canal é fantástico, mais seria possível aprender a programar pelo celular ?🤔🤔🤔",3,2022-12-11T09:09:26Z,2022-12-11T09:09:26Z
40QyA5f3Qo0,Ugyhmc59NORXrDA1N3t4AaABAg,,principal,indica um que da pra usar sql na internet,1,2022-11-22T11:49:57Z,2022-11-22T11:49:57Z
40QyA5f3Qo0,Ugy9dS4NoOW-VArXFad4AaABAg,,principal,existem IDEs para desenvolvimento mobile como o visual Studio que seja de forma online?,2,2022-11-10T03:59:17Z,2022-11-10T03:59:17Z
40QyA5f3Qo0,Ugz-KV9_wWVdv1ga_1d4AaABAg,,principal,Parabéns pelas dicas e vocês dois formam uma dupla inteligentíssima.,2,2022-10-20T02:10:46Z,2022-10-20T02:10:46Z
40QyA5f3Qo0,UgzSt-G5DvKJwAVqch54AaABAg,,principal,"Queria que alguém ensinasse como que se mexe em um editor de código, tem tanta informação, que pra quem ta começando não sabe nem o que é extensão e etc.",1,2022-09-27T05:57:47Z,2022-09-27T05:57:47Z
40QyA5f3Qo0,UgxORWveTGC9iyu5kJp4AaABAg,,principal,"Muito boas, as dicas ! Vocês dois forma uma dupla alto astral !",1,2022-09-14T20:32:34Z,2022-09-14T20:32:34Z
40QyA5f3Qo0,Ugw_RhuckbjGyLrkXKZ4AaABAg,,principal,"Falando grego, misturado com aramaico, rs. Preciso de um programa tipo N-View. Eu ia baixar o Uptodown mas a última atualização foi em 2005555555555555555. Fiquei com medooooo. Autor desconhecido, tbm 🤥😬. Algum destes q indicou faz o que ele faz?? Só preciso editar (corrigor/alterar_) coisas já prontas.",0,2022-09-12T12:30:34Z,2022-09-12T12:30:34Z
40QyA5f3Qo0,UgyaI-Xs1_esi9-we6Z4AaABAg,,principal,Adorei!!!!!!!!!!!!!!!!!!!!!!!!!!!!!!!!!,1,2022-09-01T22:33:00Z,2022-09-01T22:33:00Z
40QyA5f3Qo0,Ugyoaq2DKGwPrU31PkJ4AaABAg,,principal,Muito bom! Minha sugestão... um vídeo dedicado ao GitPod ; ) e Viva ser Nômade Digital 🙌,1,2022-08-17T16:24:45Z,2022-08-17T16:24:45Z
40QyA5f3Qo0,UgxsgOWAhsVtzFyOfOR4AaABAg,,principal,"Ate então usava apenas codificadores instalado no desktop, esse vídeo praticamente me ajudou 90% em questão de facilidade e aprendizagem. Obg!",4,2022-08-08T02:52:53Z,2022-08-08T02:52:53Z
40QyA5f3Qo0,UgzoRIPdj6D6dCBGEYN4AaABAg,,principal,Comprei um curso de java online e simplesmente não consigo estudar pq meu notebook não pega o eclipse. Vou tentar esses sites online.,1,2022-07-22T18:18:33Z,2022-07-22T18:18:33Z
40QyA5f3Qo0,UgzsU6IzuTdP-wrBFT94AaABAg,,principal,"Usei durante muito tempo o Cloud9, mas esse foi comprado pela AWS. Vou testar essas ferramentas, parecem muito boas dicas",2,2022-06-23T16:12:32Z,2022-06-23T16:12:32Z
40QyA5f3Qo0,UgyvQXc_CODKnKHpR_F4AaABAg,,principal,"Puxa! cada um melhor do que o outro!
E acho que são muito indicados também pra quem não tem um bom computador momentaneamente.
Eu não esperava que tantas tecnologias podiam ser manipuladas através do browser!",3,2022-06-20T20:36:31Z,2022-06-20T20:36:31Z
40QyA5f3Qo0,Ugzi0FKqhaK9LWKKD-54AaABAg,,principal,*Gratidão por este vídeo !*,2,2022-05-29T20:39:35Z,2022-05-29T20:39:35Z
40QyA5f3Qo0,UgyuWN-3u0Kd_GKPeYp4AaABAg,,principal,"*Pretendo fazer curso de programação web , pois estou ressuscitando esse meu desejo que eu havia desistido anos atrás, só por causa desse vídeo co parei o meu curdo de iniciante em programação web !*",2,2022-05-29T20:36:33Z,2022-05-29T20:36:33Z
40QyA5f3Qo0,UgxQFKFahiI1WdIu5SN4AaABAg,,principal,*Vi um outro vídeo num outro canal  que mostrou um editor online de html php javzsctipt e etc só tanto versão machine como na versão online ! Aqui neste vidro aprendi mais 8 editores programação online web !*,2,2022-05-29T20:34:20Z,2022-05-29T20:35:02Z
40QyA5f3Qo0,UgxD9LgflZv8djhOERV4AaABAg,,principal,"*Nossa !* *Eu não sou programador , mas fiquei encanto com as dicas desse vídeo !*",2,2022-05-29T20:32:34Z,2022-05-29T20:32:34Z
40QyA5f3Qo0,UgyzzwMAJV8ltI_HabB4AaABAg,,principal,Galera do código fonte...a qualidade da imagem de vcs está simplesmente Surreal!!!! parabens!,3,2022-05-10T12:34:14Z,2022-05-10T12:34:14Z
40QyA5f3Qo0,Ugzw0nFw00qredbaDet4AaABAg,,principal,Só conteúdo top das galáxias! Parabéns 👏👏👏,2,2022-03-05T02:56:40Z,2022-03-05T02:56:40Z
40QyA5f3Qo0,UgwGlQzdeN6kJQ1KZ5Z4AaABAg,,principal,"Top, vcs são o melhor casal de programadores do Brasil 👏👏👏",3,2022-02-18T13:41:16Z,2022-02-18T13:41:16Z
40QyA5f3Qo0,UgxWrmohDye22buLsFN4AaABAg,,principal,"Facam um video  sobre  google colab , Márcio Oliveira de Santana de Parnaiba São Paulo",0,2022-02-15T00:13:01Z,2022-02-15T00:13:28Z
40QyA5f3Qo0,UgzMDgOrpCMy_vpiTUt4AaABAg,,principal,"Sensacional 👏👏👏... Vou fazer uns testes usando meu Xbox One, se der tudo certo, voltarei aos estudos.  Estou sem PC.",4,2021-10-12T11:56:43Z,2021-10-12T11:56:43Z
40QyA5f3Qo0,UgwIu_Tdh7cNuftAJcl4AaABAg,,principal,Vocês são sensacionais! Muito obrigada pelo vídeo e pelas informações! <3,2,2021-09-11T00:26:41Z,2021-09-11T00:26:41Z
40QyA5f3Qo0,UgwWhwSQctGjxXfq9AJ4AaABAg,,principal,"Um casal desses na área de tecnologia, com carisma e muito inteligência, ""tem quem 'guente'? tem quem 'guente'?! Pelo amor de Deus"".",11,2021-07-30T11:33:36Z,2021-07-30T11:33:36Z
40QyA5f3Qo0,UgxMiTN54pFXiLo74n54AaABAg,,principal,video maravilhoso,2,2021-07-13T13:22:47Z,2021-07-13T13:22:47Z
40QyA5f3Qo0,UgwfdmrB78hfYu2s5Ch4AaABAg,,principal,"Até hoje não encontrei um ambiente melhor do que Code Server + VPS

Já usei um tempo cloud9 mas não achava legal.

Uso muito o codepen e o jsfiddle.

Dêem uma olhada no Code Server.",1,2021-06-22T05:21:55Z,2021-06-22T05:21:55Z
40QyA5f3Qo0,UgwGN4gEv4oFmJkZx1J4AaABAg,,principal,Deixando um Mega Like,2,2021-06-21T00:54:22Z,2021-06-21T00:54:22Z
40QyA5f3Qo0,UgyIrOW82PRwodhHqW54AaABAg,,principal,"Incrível ver todas as possibilidades para codar pelo navegador. Adorei, eu uso o VScode no meu notebook 💻 e gosto muito dele. Espero que algum dia vcs possam fazer um vídeo falando um pouco sobre as IDEs da Jetbrains tanto das versões de comunidades quanto das versões premium.",8,2021-06-20T17:07:46Z,2021-06-20T17:07:46Z
40QyA5f3Qo0,UgxRXvxm_mMmJKyr_cN4AaABAg,,principal,Faltou o code9 da AWS,2,2021-06-20T11:52:57Z,2021-06-20T11:52:57Z
40QyA5f3Qo0,UgyH3rGgoQx8-M81gax4AaABAg,,principal,"Meu Deus, vocês são o melhor casal do YouTube quando o assunto é programação. Estão sempre surpreendendo a gente. Mas eu acho que o áudio dos vídeos do canal estão um pouco baixos ultimamente(não que não dê para escutar). Porém, se ficasse um pouco mais alto, creio eu que ficaria perfeito. Agradeço pela atenção, adoro vocêsss!!!😍",4,2021-06-16T16:06:01Z,2021-06-16T16:06:01Z
40QyA5f3Qo0,UgwBj-aB0oN3OpTb-6t4AaABAg,,principal,"Pessoal, nós que temos pcs fracos, deveríamos nos unir pra  criar um projeto juntos, oq vcs acham? Vamos criar um grp",3,2021-06-16T15:45:40Z,2021-06-16T15:45:40Z
40QyA5f3Qo0,UgzRVUt2eL7Fs7dNt7h4AaABAg,,principal,🌚👌🏿,0,2021-06-15T00:46:42Z,2021-06-15T00:46:42Z
40QyA5f3Qo0,UgzEjLi_o0viYdihaW14AaABAg,,principal,Curti demais as dicas... 🤩😍,2,2021-06-14T17:02:48Z,2021-06-14T17:03:06Z
40QyA5f3Qo0,Ugzyr1XbivO_5Go4LDF4AaABAg,,principal,"Já usei o codepen... Fiquei interessado em alguns desses aí, mas ainda estou estudando e sem confiança pra me aventurar. 😁",3,2021-06-14T12:26:42Z,2021-06-14T12:26:42Z
40QyA5f3Qo0,Ugzyr1XbivO_5Go4LDF4AaABAg.9OZwjJ9Blcy9bcVy9ArcES,Ugzyr1XbivO_5Go4LDF4AaABAg,resposta,"Eu também estou pensando em adquirir um curso de desenvolvimento web para  iniciantes , depois eu irei adquirindo cursos mais avançados na área de desenvolvimento web ! Só por caisa desse vídeo agirá estou com vontade de programar em HTML PHP JavaScript e etc ! Eu havia desistido a alguns anos atrás em desenvolver sites em web por ser muito difícil , mas agora , pretendo realizar este antigo sonho de programar em web e colocar um site no ar !*",1,2022-05-29T21:00:32Z,2022-05-29T21:00:32Z
40QyA5f3Qo0,Ugzyr1XbivO_5Go4LDF4AaABAg.9OZwjJ9Blcy9bcW0nPvRPZ,Ugzyr1XbivO_5Go4LDF4AaABAg,resposta,*Porque você está com tanto medo assim ?*,1,2022-05-29T21:01:02Z,2022-05-29T21:01:02Z
40QyA5f3Qo0,Ugzyr1XbivO_5Go4LDF4AaABAg.9OZwjJ9Blcy9bcWGjEeutb,Ugzyr1XbivO_5Go4LDF4AaABAg,resposta,"*Nada de medo cara ! Coloca uma coisa rm sua cabeça : os outros conseguem programar , eu também consigo programar !*",1,2022-05-29T21:03:13Z,2022-05-29T21:03:13Z
40QyA5f3Qo0,Ugx-lvyOIxMnPErCjKx4AaABAg,,principal,Top Top,0,2021-06-14T06:26:24Z,2021-06-14T06:26:24Z
40QyA5f3Qo0,UgxX0LOXtAbrPAzK7G94AaABAg,,principal,A galera de Data ai se derrama de amores pelo Colab. Com toda razão! <3,2,2021-06-14T03:20:54Z,2021-06-14T03:20:54Z
40QyA5f3Qo0,Ugz80j11hJgefFA2sTt4AaABAg,,principal,Conheço um cara que diz ser mega programador PHP que ainda usa Dreamweaver e PHP 5.4 😅🤙,3,2021-06-14T02:27:39Z,2021-06-14T02:27:39Z
40QyA5f3Qo0,Ugz80j11hJgefFA2sTt4AaABAg.9OYsAgXj6FZ9PevzwVoksl,Ugz80j11hJgefFA2sTt4AaABAg,resposta,Eu uso VIM e PHP 8 =D,0,2021-07-11T16:47:04Z,2021-07-11T16:47:04Z
40QyA5f3Qo0,Ugx5SwyYZKXX69pyK6l4AaABAg,,principal,Show as dicas! :),1,2021-06-13T23:31:53Z,2021-06-13T23:31:53Z
40QyA5f3Qo0,UgzzYgDzhF8YCYqce6x4AaABAg,,principal,"Vídeo top, como sempre o Código fonte me mostrando e explicando tudo sobre tecnologia.",1,2021-06-13T20:50:47Z,2021-06-13T20:51:00Z
40QyA5f3Qo0,UgzoZAeJ-WkEyfH-lFN4AaABAg,,principal,Demais! Obrigado por compartilhar!! Vou certamente testar!,2,2021-06-13T16:23:50Z,2021-06-13T16:23:50Z
40QyA5f3Qo0,UgydOUpj13XKlgSycWN4AaABAg,,principal,Serio que vocês nunca ouviram falar do repl.it? Todo  mundo da minha faculdade usa pelo menos desde 2017,2,2021-06-13T11:52:20Z,2021-06-13T11:52:29Z
40QyA5f3Qo0,UgydOUpj13XKlgSycWN4AaABAg.9OXJ-h9bnfh9OhZLGiUlDN,UgydOUpj13XKlgSycWN4AaABAg,resposta,me ensina conectar php no banco de dados com ele,0,2021-06-17T20:46:44Z,2021-06-17T20:46:44Z
40QyA5f3Qo0,UgzwxqALKUeq7QwkYdl4AaABAg,,principal,Oii meu nome e ricardo sou novo no mundo da programação gostaria de saber qual desses e melhor para iniciantes no java e aproveitando a atenção  de vcs  qual posso utilizar para substituir o Android studio,2,2021-06-13T02:15:55Z,2021-06-13T02:15:55Z
40QyA5f3Qo0,UgwnyxHarMrKa3fSrCx4AaABAg,,principal,Melhor que o threbedit não insiste,2,2021-06-12T22:31:41Z,2021-06-12T22:31:41Z
40QyA5f3Qo0,UgxQyjlSeGrsHOlkxqZ4AaABAg,,principal,Faz um vídeo sobre editores em dispositivos móbile,8,2021-06-12T21:17:02Z,2021-06-12T21:17:02Z
40QyA5f3Qo0,UgxQyjlSeGrsHOlkxqZ4AaABAg.9OVjpo5fHno9Xxc6RMX4ce,UgxQyjlSeGrsHOlkxqZ4AaABAg,resposta,up,0,2022-02-02T19:10:03Z,2022-02-02T19:10:03Z
40QyA5f3Qo0,Ugx5AcLqZ9FXeS1tyEB4AaABAg,,principal,Legal! As vezes uso o Cloud9 da AWS. Quebra um galhão.  👍,4,2021-06-12T20:19:23Z,2021-06-12T20:19:23Z
40QyA5f3Qo0,UgwjIa5YxDT0IL-CwEx4AaABAg,,principal,O fato de deixar os ambientes das grandes de fora é ...👏👏👏👏👏 Afinal elas já tem muita divulgação.,2,2021-06-12T18:22:23Z,2021-06-12T18:22:23Z
40QyA5f3Qo0,UgwUrfzgpZBNQjGT3Bx4AaABAg,,principal,O https://theia-ide.org/ merecia pelo menos uma citação honrosa por ser Opensource. E outros open source.,2,2021-06-12T18:20:10Z,2021-06-12T18:20:10Z
40QyA5f3Qo0,Ugyn8pLiy-RrjcmBBwZ4AaABAg,,principal,Fantástico! Já usei umas algumas dessa ferramenta e vejo que tem umas mais parrudas que não tinha usado kkkkk,1,2021-06-12T16:20:08Z,2021-06-12T16:20:08Z
40QyA5f3Qo0,UgzuN_ge90LAXxs0_w54AaABAg,,principal,Eu gosto de usar o repl.it,0,2021-06-12T14:06:24Z,2021-06-12T14:06:24Z
40QyA5f3Qo0,UgwGkYY5TWDRQ5xwetZ4AaABAg,,principal,Tem uma Ide muito parecida com o VsCode para android o nome dele é  Scpk Editor,2,2021-06-12T12:52:59Z,2021-06-12T12:53:12Z
40QyA5f3Qo0,UgylGUyXDcvanISB_P14AaABAg,,principal,Show se bola!,1,2021-06-12T12:13:54Z,2021-06-12T12:13:54Z
40QyA5f3Qo0,Ugzs2kPC6XWL6Xkq3lt4AaABAg,,principal,"Caraca cada dia que passa me surpreendo com o canal 
E com a evolução da tecnologia 
Fantástico",6,2021-06-12T06:14:27Z,2021-06-12T06:14:27Z
40QyA5f3Qo0,Ugzs2kPC6XWL6Xkq3lt4AaABAg.9OU7Y3MyXJO9OU_EScUNCY,Ugzs2kPC6XWL6Xkq3lt4AaABAg,resposta,Muito obrigado pelo seu carinho conosco e por nos acompanhar. 🤓,0,2021-06-12T10:25:10Z,2021-06-12T10:25:10Z
40QyA5f3Qo0,UgwfR5ACif_HTePJdIR4AaABAg,,principal,Esqueceram do c9.io,1,2021-06-12T02:35:00Z,2021-06-12T02:35:00Z
40QyA5f3Qo0,UgzFVjJo1y5Q6e9oW7h4AaABAg,,principal,"Olá! comecei a pesquisar sobre programação nos últimos dias e tenho muito interesse em aprender. Porém não tenho nenhuma noção por onde começar, quais as dicas vocês poderiam me apresentar para que eu possa ter uma direção para iniciar os estudos?",3,2021-06-12T02:22:48Z,2021-06-12T02:22:48Z
40QyA5f3Qo0,UgzFVjJo1y5Q6e9oW7h4AaABAg.9OTi1TFpsz19OY7Iuy74PZ,UgzFVjJo1y5Q6e9oW7h4AaABAg,resposta,"Eu recomendo a você começar a aprender python pelo canal ""Curso em vídeo"", o professor é muito bom",1,2021-06-13T19:29:20Z,2021-06-13T19:29:20Z
40QyA5f3Qo0,UgzFVjJo1y5Q6e9oW7h4AaABAg.9OTi1TFpsz19OpzGI7xUpx,UgzFVjJo1y5Q6e9oW7h4AaABAg,resposta,"Josimar, eu recomendo que você procure aprender HTML+CSS. É um início muito bacana, pq vc vai se acostumando com a quantidade de linhas de código. E vc não vai gastar muito raciocinio pra desenvolver. Quando pensar em partir para uma linguagem de programação, procure aprender primeiro sobre lógica de programação e também sobre algoritmos.
Depois que souber lógica, ai sim vc pode escolher qualquer linguagem e se aprofundar nela.
Os melhores canais do youtube pra vc maratonar e aprender é o CFB Cursos e o Curso em Video.",1,2021-06-21T03:15:54Z,2021-06-21T03:15:54Z
40QyA5f3Qo0,UgzfGRva94VglfANaod4AaABAg,,principal,Eu usei muito o cloud9 agora a Amazon incorporou na aws e nunca mais vi como ficou.,1,2021-06-12T00:20:07Z,2021-06-12T00:20:07Z
40QyA5f3Qo0,Ugw9_XZKU6a3hUW9J3Z4AaABAg,,principal,muito bom,0,2021-06-11T23:19:32Z,2021-06-11T23:19:32Z
40QyA5f3Qo0,UgxaY3ExW2kSq6PqEgd4AaABAg,,principal,Eu sempre pensando que precisava de um pc para programar kkkkk,0,2021-06-11T23:12:22Z,2021-06-11T23:12:22Z
40QyA5f3Qo0,UgzJd9tGPbwJFmX_SuJ4AaABAg,,principal,Isto é tudo novo pra mim,1,2021-06-11T23:11:49Z,2021-06-11T23:11:49Z
40QyA5f3Qo0,UgymI8qp1wVo6xNCvvh4AaABAg,,principal,topzera! Obrigado,1,2021-06-11T21:52:39Z,2021-06-11T21:52:39Z
40QyA5f3Qo0,UgynPiY_wkJyWRCghnR4AaABAg,,principal,Nesses tempos de crise para hardware e dólar alto esse conteúdo é extremamente importante obrigado!,4,2021-06-11T20:42:25Z,2021-06-11T20:42:25Z
40QyA5f3Qo0,UgyqyO8Jow-JVrsUZuR4AaABAg,,principal,nossssa!!!,0,2021-06-11T17:42:06Z,2021-06-11T17:42:06Z
40QyA5f3Qo0,UgzmR5teuH-PW2n41aJ4AaABAg,,principal,"Muito legal
Senti falta do editor Theia, ainda mais que ele é gratuito e o GitPod foi feito tendo como base o projeto do Theia",15,2021-06-11T17:31:45Z,2021-06-11T17:33:34Z
40QyA5f3Qo0,Ugx52f4adFF5OuG1W5t4AaABAg,,principal,Da pra usar no celular?,0,2021-06-11T17:05:00Z,2021-06-11T17:05:00Z
40QyA5f3Qo0,UgwIXkm6PmQd88c4KIh4AaABAg,,principal,"Eu programo no gitpod faz 1 ano, como eu tô sem meu PC, sempre q eu entro em algum PC emprestado eu consigo continuar o projeto. Realmente quebra um galho",8,2021-06-11T16:35:08Z,2021-06-11T16:35:08Z
40QyA5f3Qo0,Ugy-BQDdScjGTnZ_o254AaABAg,,principal,"Conheci o canal tem pouco tempo e já estou amando, estou maratonando alguns vídeos, queria ter aulas de programação com vcs, vcs explicam tão bem, desejo muito sucesso pra vcs 🤩❤️",8,2021-06-11T16:32:41Z,2021-06-11T16:32:41Z
40QyA5f3Qo0,UgwGOlj0WYAQ_1p_iAB4AaABAg,,principal,Eu não conhecia nenhum..  kkk,0,2021-06-11T16:29:11Z,2021-06-11T16:29:11Z
40QyA5f3Qo0,UgxW2trKLwcZlJLDUVx4AaABAg,,principal,Curti muito bom pode. Falar mais de Extencão para estes caras ?,1,2021-06-11T16:24:15Z,2021-06-11T16:24:15Z
40QyA5f3Qo0,UgyTuKR7SmVuqxi1uKl4AaABAg,,principal,Esqueceram do Google colab,1,2021-06-11T15:43:00Z,2021-06-11T15:43:00Z
40QyA5f3Qo0,UgywErYjnTqhHYsuQFp4AaABAg,,principal,Faltou só comentar que algumas opções são pagas.,3,2021-06-11T15:32:44Z,2021-06-11T15:32:44Z
40QyA5f3Qo0,UgywErYjnTqhHYsuQFp4AaABAg.9OSYdH7dGNk9qOJDcPtcEL,UgywErYjnTqhHYsuQFp4AaABAg,resposta,"Pois é né, difícil de acreditar que alguém faz alguma coisa por dinheiro kkk",0,2023-05-31T19:11:30Z,2023-05-31T19:11:30Z
40QyA5f3Qo0,UgzlaOBMVMNGqpq5RpR4AaABAg,,principal,Seria legal uma review sobre o intellij ultimate.,1,2021-06-11T15:32:14Z,2021-06-11T15:32:14Z
40QyA5f3Qo0,UgyVFBWya6aNGfDEJCp4AaABAg,,principal,muito bacana!,0,2021-06-11T15:28:41Z,2021-06-11T15:28:41Z
40QyA5f3Qo0,UgzV5IuKJkj3IyjFtXt4AaABAg,,principal,E eu achando que iam falar do colab kkk,3,2021-06-11T15:26:33Z,2021-06-11T15:26:33Z
40QyA5f3Qo0,UgxdF9nD-dOHDEHAlPR4AaABAg,,principal,Excelente vídeo! Já utilizo alguns desta lista.,1,2021-06-11T15:24:47Z,2021-06-11T15:24:47Z
40QyA5f3Qo0,UgzNDItdT9vaARMMGmF4AaABAg,,principal,Faltou o repl.it,1,2021-06-11T15:22:35Z,2021-06-11T15:22:35Z
40QyA5f3Qo0,Ugz6tkH1tBVL8MOBrsF4AaABAg,,principal,"Bacana CDF´s! 
Eu não costumo usar editores online, mas tem um que eu usei um pouco só pra ver como funcionava. é o ide.goorm.io (Goorm IDE). 
É um serviço coreano, e precisa de aprovação para começar a usar.
Não sei dizer se é melhor que esses que vocês apresentaram, mas fica a dica caso queiram dar uma olhada.",5,2021-06-11T15:13:54Z,2021-06-11T15:13:54Z
40QyA5f3Qo0,UgyUSKR32r14EJWV2up4AaABAg,,principal,Tem algum para aprender banco de dados?,0,2021-06-11T15:12:04Z,2021-06-11T15:12:04Z
40QyA5f3Qo0,UgyUSKR32r14EJWV2up4AaABAg.9OSWGp031vf9OSXOYJSc7T,UgyUSKR32r14EJWV2up4AaABAg,resposta,"Oracle live, se eu n me engano",2,2021-06-11T15:21:51Z,2021-06-11T15:21:51Z
40QyA5f3Qo0,Ugyj0EdG-kZ3vgPiCQB4AaABAg,,principal,Amei o video meu pc é muito limitado para aprender desenvolvimento mobolie esse último me deixou bem curioso a tentar 😂,3,2021-06-11T15:06:54Z,2021-06-11T15:06:54Z
40QyA5f3Qo0,Ugyj0EdG-kZ3vgPiCQB4AaABAg.9OSVfxzLyIE9OTTjGPgqDR,Ugyj0EdG-kZ3vgPiCQB4AaABAg,resposta,Eu to sofrendo com o Android Studio no meu notebook de 3gb de RAM 😣,1,2021-06-12T00:09:06Z,2021-06-12T00:09:06Z
40QyA5f3Qo0,Ugyj0EdG-kZ3vgPiCQB4AaABAg.9OSVfxzLyIE9aANRSvlgFH,Ugyj0EdG-kZ3vgPiCQB4AaABAg,resposta,"Não sei em qual stack vc faz teus projetos, mas eu uso bastante o snack expo, pra desenvolver algumas coisas usando React Native. O editor não é muito bom, mas é melhor do que nada pelo menos para mim",0,2022-04-23T16:56:40Z,2022-04-23T16:56:40Z
40QyA5f3Qo0,UgxbkV3sfZE5m3x6jLJ4AaABAg,,principal,"n sabia q estava assim n. caramba..rs
conhecia o gitpod de ouvir falar e codepen e visto tb o jsfiddle, mas me surpreendi.
parabens. vlw",3,2021-06-11T15:03:54Z,2021-06-11T15:24:46Z
40QyA5f3Qo0,UgxIVy5Uuws8L_Zu-rB4AaABAg,,principal,Ótimo conteúdo.,2,2021-06-11T14:53:34Z,2021-06-11T14:53:34Z
40QyA5f3Qo0,UgyMVts-f9YstfunDul4AaABAg,,principal,Muito top!👏👏👏👏,1,2021-06-11T14:43:57Z,2021-06-11T14:43:57Z
40QyA5f3Qo0,UgzpCPh2Mq5vpX_rVRd4AaABAg,,principal,"Bom vídeo. 
Vou dar uma olhada em alguma dessas opções. No ano passado, quando as aulas presenciais foram suspensas, eu precisei procurar um ambiente de desenvolvimento remoto que permitisse os meus alunos do ensino médio desenvolver em Java e WEB (HTML, CSS, JS) e permitindo usar repositórios privados do Github. Na época o que melhor se encaixou nisso foi o Replit, principalmente por ele ter integração com o Github Classroom.
Outra opção que achei interessante é o Github Codespaces, eu tenho acesso a ele, mas está em beta fechado. Eu espero que o Github dê acesso gratuito ao Codespaces para fins educacionais quando ele for lançado.",0,2021-06-11T14:42:06Z,2021-06-11T14:42:06Z
40QyA5f3Qo0,UgxFj7ATDZaC-EZKq354AaABAg,,principal,"Muito interessante esse Code Anywhere, achei que não iria aparecer o gitpod, tadinho do repl.it",3,2021-06-11T14:36:27Z,2021-06-11T14:36:27Z
40QyA5f3Qo0,UgyEau59UC6U-EzrFnZ4AaABAg,,principal,Sensacional.,0,2021-06-11T14:33:42Z,2021-06-11T14:33:42Z
40QyA5f3Qo0,UgzEjx33VVKWq5PeXll4AaABAg,,principal,"E eu que na reunião online da empresa, comecei a rir do patrão por ele ainda usar quadro de lousa como kanban em pleno século 21; ele não gostou não mas foi engraçado. Agora ele está usando ferramentas online gratuitas.",1,2021-06-11T14:31:20Z,2021-06-11T14:31:20Z
40QyA5f3Qo0,UgzIs4rsxZQlYFQgb9R4AaABAg,,principal,"Faltou o REPL.IT, uso ele bastante pra python ou javascript, tem suporte a diversas linguagens, mas acho que fica atrás do Gitpod e Code Anywhere, o combo REPL.IT e CodePen tem funcionado bem pra mim, mas já estou pensou em mudar o backend por Gitpod.",6,2021-06-11T14:27:04Z,2021-06-11T14:27:04Z
40QyA5f3Qo0,UgzIs4rsxZQlYFQgb9R4AaABAg.9OSR7G33f2FAAWYXrcHREz,UgzIs4rsxZQlYFQgb9R4AaABAg,resposta,Replit agora ta cobrando,0,2024-11-06T22:58:33Z,2024-11-06T22:58:33Z
40QyA5f3Qo0,UgxtWnJ8Ev68rA2I_1R4AaABAg,,principal,"Poxa galera esse foi um dos vídeos mais interessantes pra mim, pois é a solução que precisava para ensinar meus alunos, que não tem recursos computacionais para rodar um framework. Muito obrigado!!",70,2021-06-11T14:24:42Z,2021-06-11T15:20:26Z
40QyA5f3Qo0,UgxtWnJ8Ev68rA2I_1R4AaABAg.9OSQqxVfq369OSoR9u0vmc,UgxtWnJ8Ev68rA2I_1R4AaABAg,resposta,"Tem o scrath q é mto bom tmbm p demonstrações, usei para demonstrar como a programação funciona uma vez em uma sala de aula.",2,2021-06-11T17:59:30Z,2021-06-11T17:59:30Z
40QyA5f3Qo0,UgxtWnJ8Ev68rA2I_1R4AaABAg.9OSQqxVfq369OSudKcwgIh,UgxtWnJ8Ev68rA2I_1R4AaABAg,resposta,@emanuelmartins9508 para meu propósito o stackbliz se encaixou melhor,1,2021-06-11T18:53:43Z,2021-06-11T18:53:43Z
40QyA5f3Qo0,UgxtWnJ8Ev68rA2I_1R4AaABAg.9OSQqxVfq369bcTiZnSQUO,UgxtWnJ8Ev68rA2I_1R4AaABAg,resposta,*O senhor é professor ? Como faço pata criar conta no Git e acessar o CodePen ?*,0,2022-05-29T20:40:56Z,2022-05-29T20:40:56Z
40QyA5f3Qo0,UgzE3lyj4JoRpt3rB614AaABAg,,principal,Maravilha!Agradeço!,1,2021-06-11T14:19:37Z,2021-06-11T14:19:37Z
40QyA5f3Qo0,Ugz7Rl5f54mozZK_jz54AaABAg,,principal,Fiquei curioso e vou testar um.,7,2021-06-11T14:17:57Z,2021-06-11T14:17:57Z
40QyA5f3Qo0,UgwBNIjwsw90HFxMdXd4AaABAg,,principal,Caraca vocês são demais👏👏👏👏🚀,2,2021-06-11T14:14:45Z,2021-06-11T14:14:45Z
40QyA5f3Qo0,UgyWSYq7PI8hN354LU54AaABAg,,principal,"Eu estudo em outra cidade e acabo passando muito tempo em uma van. Por muito tempo, não tinha um notebook então usava o celular para adiantar as listas kk",5,2021-06-11T14:06:15Z,2021-06-11T14:06:15Z
40QyA5f3Qo0,UgyeKZo4lM4Eu7Fztkt4AaABAg,,principal,Só eu que fico tentando programar na mente msm?,38,2021-06-11T14:04:09Z,2021-06-11T14:04:09Z
40QyA5f3Qo0,UgyeKZo4lM4Eu7Fztkt4AaABAg.9OSOVNikdV19OSPZLaZCTl,UgyeKZo4lM4Eu7Fztkt4AaABAg,resposta,"Quando estou fazendo Levantamentos e especificações fico até parecendo a Nazaré fazendo cálculos, IF's e por ai vai huahuahuahuahu. Acho que esse é um mal que persegue todos nós uhauhhuahua",6,2021-06-11T14:13:25Z,2021-06-11T14:13:25Z
40QyA5f3Qo0,UgyeKZo4lM4Eu7Fztkt4AaABAg.9OSOVNikdV19oyZp7XLHuT,UgyeKZo4lM4Eu7Fztkt4AaABAg,resposta,"Eu programo até no papel
Higiênico pra não esquecer... A edéia",5,2023-04-26T13:25:40Z,2023-04-26T13:25:40Z
40QyA5f3Qo0,UgyeKZo4lM4Eu7Fztkt4AaABAg.9OSOVNikdV1A23u7e2-9U2,UgyeKZo4lM4Eu7Fztkt4AaABAg,resposta,eu,0,2024-04-10T23:46:49Z,2024-04-10T23:46:49Z
40QyA5f3Qo0,Ugz3PF2ZovOP0f321zZ4AaABAg,,principal,Estava pesquisando esse assunto. Valeu.,3,2021-06-11T14:02:40Z,2021-06-11T14:02:40Z
